{
  "userAdmonitions": {
    "col3": {
      "type": "col3",
      "color": "255, 0, 0",
      "icon": {
        "name": "adjust",
        "type": "font-awesome"
      },
      "command": true,
      "title": "二列",
      "injectColor": true,
      "noTitle": true,
      "copy": false
    },
    "col5": {
      "type": "col5",
      "color": "0, 251, 255",
      "icon": {
        "name": "adjust",
        "type": "font-awesome"
      },
      "command": true,
      "title": "五列",
      "injectColor": true,
      "noTitle": true,
      "copy": false
    },
    "col4": {
      "type": "col4",
      "color": "255, 247, 0",
      "icon": {
        "name": "adjust",
        "type": "font-awesome"
      },
      "command": true,
      "title": "四列",
      "injectColor": true,
      "noTitle": true,
      "copy": false
    },
    "col2": {
      "type": "col2",
      "color": "116, 247, 8",
      "icon": {
        "name": "angry",
        "type": "font-awesome"
      },
      "command": true,
      "title": "分栏",
      "injectColor": true,
      "noTitle": true,
      "copy": false
    }
  },
  "syntaxHighlight": true,
  "copyButton": true,
  "version": "6.7.1",
  "autoCollapse": false,
  "defaultCollapseType": "open",
  "syncLinks": true,
  "enableMarkdownProcessor": true,
  "injectColor": true,
  "parseTitles": true
}